entry	name	body
10001000	FUN_10001000	[[10001000, 10001006]]
10001010	FUN_10001010	[[10001010, 1000104e]]
10001050	FUN_10001050	[[10001050, 1000109f]]
100010a0	FUN_100010a0	[[100010a0, 100010ed]]
100010f0	FUN_100010f0	[[100010f0, 1000113c]]
10001140	FUN_10001140	[[10001140, 10001157]]
10001160	FUN_10001160	[[10001160, 100011c6]]
100011d0	FUN_100011d0	[[100011d0, 1000120e]]
10001210	FUN_10001210	[[10001210, 1000122d]]
10001230	FUN_10001230	[[10001230, 10001236]]
10001240	FUN_10001240	[[10001240, 10001243]]
10001250	FUN_10001250	[[10001250, 1000127e]]
10001280	FUN_10001280	[[10001280, 10001299]]
100012a0	FUN_100012a0	[[100012a0, 100012ac]]
100012b0	FUN_100012b0	[[100012b0, 100012c5]]
100012d0	FUN_100012d0	[[100012d0, 100012ff]]
10001300	FUN_10001300	[[10001300, 1000132e]]
10001330	FUN_10001330	[[10001330, 100013fc]]
10001400	FUN_10001400	[[10001400, 10001422]]
10001430	FUN_10001430	[[10001430, 10001505]]
10001510	FUN_10001510	[[10001510, 10001557]]
10001560	FUN_10001560	[[10001560, 100015a7]]
100015b0	FUN_100015b0	[[100015b0, 100015d1]]
100015e0	FUN_100015e0	[[100015e0, 100015f8]]
10001600	FUN_10001600	[[10001600, 1000163b]]
10001640	FUN_10001640	[[10001640, 1000165d]]
10001660	FUN_10001660	[[10001660, 10001678]]
10001680	FUN_10001680	[[10001680, 1000168a]]
10001690	FUN_10001690	[[10001690, 100016ad]]
100016b0	IopPaperPixSize	[[100016b0, 100016d0]]
100016e0	operator=	[[100016e0, 100016fa]]
10001700	FUN_10001700	[[10001700, 10001751]]
10001760	IopPaperSize	[[10001760, 10001791]]
100017a0	operator=	[[100017a0, 100017d7]]
100017e0	FUN_100017e0	[[100017e0, 10001834]]
10001840	PixelWidth	[[10001840, 10001843]]
10001850	BitsPerPixel	[[10001850, 10001853]]
10001860	CImageData	[[10001860, 10001898]]
100018a0	operator=	[[100018a0, 100018d2]]
100018e0	GetPixel	[[100018e0, 100018e2]]
100018f0	operator=	[[100018f0, 10001934]]
10001940	CImageData	[[10001940, 1000195f]]
10001960	CImageData	[[10001960, 100019ad]]
100019b0	~CImageData	[[100019b0, 100019ca]]
100019d0	CImageAnalysis	[[100019d0, 100019f9]]
10001a00	SetPosition	[[10001a00, 10001a10]]
10001a20	FUN_10001a20	[[10001a20, 10001a60]]
10001a70	FUN_10001a70	[[10001a70, 10001a85]]
10001a90	FUN_10001a90	[[10001a90, 10001aae]]
10001ab0	FUN_10001ab0	[[10001ab0, 10001ad3]]
10001ae0	FUN_10001ae0	[[10001ae0, 10001ae6]]
10001af0	FUN_10001af0	[[10001af0, 10001afa]]
10001b00	FUN_10001b00	[[10001b00, 10001b26]]
10001b30	FUN_10001b30	[[10001b30, 10001b52]]
10001b60	FUN_10001b60	[[10001b60, 10001b75]]
10001b80	FUN_10001b80	[[10001b80, 10001b8a]]
10001b90	FUN_10001b90	[[10001b90, 10001be9]]
10001bf0	FUN_10001bf0	[[10001bf0, 10001bff]]
10001c00	FUN_10001c00	[[10001c00, 10001c20]]
10001c30	NumberofNonBorderNeighbors	[[10001c30, 10001cc9]]
10001cd0	FindBorderColor	[[10001cd0, 10001ed7] [10001ee0, 10001f4d] [10001f50, 10001ff7]]
10002010	AutoCrop	[[10002010, 1000221a]]
10002220	FUN_10002220	[[10002220, 10002271]]
10002280	CImageAnalysis	[[10002280, 1000228f]]
10002290	AutoCrop	[[10002290, 1000229d]]
100022a0	~CImageAnalysis	[[100022a0, 100022a4]]
100022b0	CImageAnalysis	[[100022b0, 10002300]]
10002310	FUN_10002310	[[10002310, 10002361]]
10002370	FUN_10002370	[[10002370, 10002399]]
100023a0	FUN_100023a0	[[100023a0, 100024c6]]
100024d0	FUN_100024d0	[[100024d0, 100025f6]]
10002600	FUN_10002600	[[10002600, 1000261d]]
10002620	CreateImageObject	[[10002620, 10002738] [10002749, 1000275a]]
10002739	Catch@10002739	[[10002739, 10002745]]
10002780	FUN_10002780	[[10002780, 10002825]]
10002830	FUN_10002830	[[10002830, 1000283d]]
10002840	thunk_FUN_1000aa20	[[10002840, 10002844]]
10002850	Get_AppHwnd	[[10002850, 10002856]]
10002860	Iop_Manager	[[10002860, 100028ff]]
10002900	operator=	[[10002900, 100029b2]]
100029c0	bad_alloc	[[100029c0, 100029d8]]
100029f0	FUN_100029f0	[[100029f0, 10002a13]]
10002a20	FUN_10002a20	[[10002a20, 10002a4c]]
10002a50	Iop_Manager	[[10002a50, 10002b67]]
10002b70	~Iop_Manager	[[10002b70, 10002ba1]]
10002bb0	GetApplicationName	[[10002bb0, 10002bb3]]
10002bc0	CheckOSUpgrade	[[10002bc0, 10002ca9]]
10002cb0	Unregister	[[10002cb0, 10002d15]]
10002d20	NotifyClients	[[10002d20, 10002d6b]]
10002d70	DisableIop	[[10002d70, 10002d8b]]
10002d90	CloseUIRequest	[[10002d90, 10002d99]]
10002da0	XferReady	[[10002da0, 10002da9]]
10002db0	GetSupportedCapabilities	[[10002db0, 10002e35]]
10002e40	HasCapChanged	[[10002e40, 10002e6c]]
10002e70	GetCurrentCapabilitySetting	[[10002e70, 10002fa4]]
10002fc0	GetDefaultCapabilitySetting	[[10002fc0, 10002ffa]]
10003000	GetDeviceCapabilityRange	[[10003000, 1000303f]]
10003040	ResetCurrentCapability	[[10003040, 100030f5]]
10003100	ResetCapabilityRange	[[10003100, 1000315f]]
10003160	SetCurrentCapability	[[10003160, 100031dc]]
100031e0	SetCurrentCapabilityNoSyn	[[100031e0, 10003257]]
10003260	SetFinalCapabilityRange	[[10003260, 100032d7]]
100032e0	GetDeviceObject	[[100032e0, 100032e6]]
100032f0	FUN_100032f0	[[100032f0, 100032f7]]
10003300	FormatErrorString	[[10003300, 10003528]]
100035a0	GetCapabilities	[[100035a0, 1000360b]]
10003610	Read_DeviceParamFile	[[10003610, 10003889]]
10003890	Get_DeviceParam	[[10003890, 100038be]]
100038c0	TranslatePxelTypeToBppAndClass	[[100038c0, 1000391c]]
10003920	FUN_10003920	[[10003920, 10003939]]
10003940	FUN_10003940	[[10003940, 10003998]]
100039a0	FUN_100039a0	[[100039a0, 100039ad]]
100039b0	FUN_100039b0	[[100039b0, 100039d1]]
100039e0	FUN_100039e0	[[100039e0, 10003a01]]
10003a10	FUN_10003a10	[[10003a10, 10003a1d]]
10003a20	FUN_10003a20	[[10003a20, 10003a2d]]
10003a30	FUN_10003a30	[[10003a30, 10003a38]]
10003a40	FUN_10003a40	[[10003a40, 10003a54]]
10003a60	FUN_10003a60	[[10003a60, 10003a72]]
10003a80	FUN_10003a80	[[10003a80, 10003aa1]]
10003ab0	FUN_10003ab0	[[10003ab0, 10003b04]]
10003b10	FUN_10003b10	[[10003b10, 10003b1d]]
10003b20	FUN_10003b20	[[10003b20, 10003b27]]
10003b30	FUN_10003b30	[[10003b30, 10003b49]]
10003b50	FUN_10003b50	[[10003b50, 10003b69]]
10003b70	FUN_10003b70	[[10003b70, 10003b7d]]
10003b80	FUN_10003b80	[[10003b80, 10003b8d]]
10003b90	FUN_10003b90	[[10003b90, 10003b98]]
10003ba0	FUN_10003ba0	[[10003ba0, 10003bae]]
10003bb0	FUN_10003bb0	[[10003bb0, 10003bbb]]
10003bc0	FUN_10003bc0	[[10003bc0, 10003bd2]]
10003be0	FUN_10003be0	[[10003be0, 10003bfa]]
10003c00	FUN_10003c00	[[10003c00, 10003ca6]]
10003cb0	FUN_10003cb0	[[10003cb0, 10003d0a]]
10003d10	FUN_10003d10	[[10003d10, 10003d3d]]
10003d40	FUN_10003d40	[[10003d40, 10003d93]]
10003da0	FUN_10003da0	[[10003da0, 10003df3]]
10003e00	FUN_10003e00	[[10003e00, 10003e53]]
10003e60	FUN_10003e60	[[10003e60, 10003ebc]]
10003ec0	FUN_10003ec0	[[10003ec0, 10003f05]]
10003f10	FUN_10003f10	[[10003f10, 10003f56]]
10003f60	FUN_10003f60	[[10003f60, 10003f82]]
10003f90	FUN_10003f90	[[10003f90, 10003ff3]]
10004000	FUN_10004000	[[10004000, 10004072]]
10004080	FUN_10004080	[[10004080, 100040f4]]
10004100	FUN_10004100	[[10004100, 1000413f]]
10004140	FUN_10004140	[[10004140, 1000418d]]
10004190	FUN_10004190	[[10004190, 100041b7]]
100041c0	FUN_100041c0	[[100041c0, 100041db]]
100041e0	FUN_100041e0	[[100041e0, 100041fb]]
10004200	FUN_10004200	[[10004200, 10004214]]
10004220	FUN_10004220	[[10004220, 10004251]]
10004260	FUN_10004260	[[10004260, 1000428a]]
10004290	FUN_10004290	[[10004290, 100042af]]
100042b0	FUN_100042b0	[[100042b0, 10004395]]
10004396	Catch@10004396	[[10004396, 100043ad]]
100043ae	Catch@100043ae	[[100043ae, 100043c7]]
100043cb	FUN_100043cb	[[100043cb, 100043e0]]
100043f0	FUN_100043f0	[[100043f0, 10004437]]
10004440	FUN_10004440	[[10004440, 100044e0]]
100044f0	FUN_100044f0	[[100044f0, 1000454b]]
10004550	FUN_10004550	[[10004550, 100045ae]]
100045b0	FUN_100045b0	[[100045b0, 100045fc]]
10004600	FUN_10004600	[[10004600, 1000461b]]
10004620	FUN_10004620	[[10004620, 1000463b]]
10004640	FUN_10004640	[[10004640, 10004654]]
10004660	FUN_10004660	[[10004660, 1000469e]]
100046a0	FUN_100046a0	[[100046a0, 1000478a]]
1000478b	Catch@1000478b	[[1000478b, 10004790]]
10004791	Catch@10004791	[[10004791, 10004796]]
100047b0	FUN_100047b0	[[100047b0, 100047fa]]
10004800	FUN_10004800	[[10004800, 1000481d]]
10004820	FUN_10004820	[[10004820, 1000483d]]
10004840	FUN_10004840	[[10004840, 1000486d]]
10004870	FUN_10004870	[[10004870, 1000489a]]
100048a0	FUN_100048a0	[[100048a0, 100048ca]]
100048d0	FUN_100048d0	[[100048d0, 100048fa]]
10004900	FUN_10004900	[[10004900, 10004afa]]
10004afd	FUN_10004afd	[[10004afd, 10004b07]]
10004b10	FUN_10004b10	[[10004b10, 10004bb5]]
10004bc0	FUN_10004bc0	[[10004bc0, 10004c14]]
10004c20	SetApplicationName	[[10004c20, 10004c38]]
10004c40	CloseIopManager	[[10004c40, 10004cf4]]
10004d00	GetFinalCapabilityRange	[[10004d00, 10004d4a]]
10004d50	ErrorMessage	[[10004d50, 10005093]]
100050b0	ChangeCapability	[[100050b0, 100053fc] [1000541c, 10005444]]
100053fd	Catch@100053fd	[[100053fd, 10005402]]
10005480	FUN_10005480	[[10005480, 10005513]]
10005516	FUN_10005516	[[10005516, 10005575]]
10005580	Register	[[10005580, 100055e0]]
100055f0	EnableIop	[[100055f0, 1000562b]]
10005630	ScanEventProc	[[10005630, 10005aac]]
10005ad0	OpenIopManager	[[10005ad0, 10005c59] [10005c74, 10005c81]]
10005c5a	Catch@10005c5a	[[10005c5a, 10005c6d]]
10005c90	SynchronizeCaps	[[10005c90, 10005f1d]]
10005f50	ResetCurrentCap	[[10005f50, 10005f91]]
10005fa0	TranslateClassToCompBpp	[[10005fa0, 10006043]]
10006060	SynchronizeCapWithDriver	[[10006060, 100060d1]]
100060e0	FUN_100060e0	[[100060e0, 1000613e]]
10006140	FUN_10006140	[[10006140, 10006147]]
10006150	FUN_10006150	[[10006150, 10006166]]
10006170	FUN_10006170	[[10006170, 10006186]]
10006190	FUN_10006190	[[10006190, 100061a9]]
100061b0	FUN_100061b0	[[100061b0, 100061c6]]
100061d0	FUN_100061d0	[[100061d0, 100061d5]]
100061e0	FUN_100061e0	[[100061e0, 100061f9]]
10006200	FUN_10006200	[[10006200, 10006224]]
10006230	FUN_10006230	[[10006230, 10006299]]
100062a0	FUN_100062a0	[[100062a0, 100062ba]]
100062c0	FUN_100062c0	[[100062c0, 100062da]]
100062e0	FUN_100062e0	[[100062e0, 100062fd]]
10006300	FUN_10006300	[[10006300, 1000631a]]
10006320	FUN_10006320	[[10006320, 1000633d]]
10006340	FUN_10006340	[[10006340, 1000636a]]
10006370	InitRegistryInfo	[[10006370, 10006b39]]
10006b40	FUN_10006b40	[[10006b40, 10006b7b]]
10006b80	FUN_10006b80	[[10006b80, 10006b86]]
10006b90	GetPixel	[[10006b90, 10006b94]]
10006ba0	FUN_10006ba0	[[10006ba0, 10006ba4]]
10006bb0	FUN_10006bb0	[[10006bb0, 10006bd5]]
10006be0	FUN_10006be0	[[10006be0, 10006c59]]
10006c60	FUN_10006c60	[[10006c60, 10006d49] [10006d6f, 10006e9d]]
10006ec0	InitCapAppFlag	[[10006ec0, 10006ed8] [10006ee0, 10006f0d]]
10006f10	FUN_10006f10	[[10006f10, 10006f64]]
10006f70	FUN_10006f70	[[10006f70, 10006fc8]]
10006fd0	FUN_10006fd0	[[10006fd0, 10007040]]
10007050	FUN_10007050	[[10007050, 10007136]]
10007137	Catch@10007137	[[10007137, 1000714e]]
1000714f	Catch@1000714f	[[1000714f, 10007168]]
1000716c	FUN_1000716c	[[1000716c, 10007181]]
10007190	FUN_10007190	[[10007190, 10007236]]
10007240	SetSoftwareCap	[[10007240, 10007856]]
10007857	Catch@10007857	[[10007857, 1000786c]]
100078a0	ValidateSupportedsizesFinalRange	[[100078a0, 10007b9c]]
10007ba0	InitDeviceCaps	[[10007ba0, 1000826a]]
1000826b	Catch@1000826b	[[1000826b, 10008280]]
10008284	FUN_10008284	[[10008284, 10008298]]
100082b0	InitCapList	[[100082b0, 10008306] [10008310, 100083b1]]
100083c0	SynchronizeBitdepths	[[100083c0, 10008550]]
10008551	Catch@10008551	[[10008551, 10008566]]
10008580	InitSoftwareCaps	[[10008580, 100087ef]]
100087f0	InitCapability	[[100087f0, 10008893] [100088ad, 100088be]]
10008894	Catch@10008894	[[10008894, 100088a9]]
100088c0	IopPaperPixSize	[[100088c0, 100088d7]]
100088e0	~IopPaperPixSize	[[100088e0, 100088e6]]
100088f0	SetPaperPixSize	[[100088f0, 10008946]]
10008950	~IopPaperSize	[[10008950, 10008956]]
10008960	IopPaperPixSize	[[10008960, 10008974]]
10008980	IopPaperSize	[[10008980, 100089b1]]
100089c0	SetPaperSize	[[100089c0, 10008a21]]
10008a30	IopPaperSize	[[10008a30, 10008a48]]
10008a50	FUN_10008a50	[[10008a50, 10008a7a]]
10008a80	FUN_10008a80	[[10008a80, 10008ac9] [10008ad0, 10008af3]]
10008b00	PixelHeight	[[10008b00, 10008b03]]
10008b10	FUN_10008b10	[[10008b10, 10008b13]]
10008b20	FUN_10008b20	[[10008b20, 10008bcc]]
10008bd0	FUN_10008bd0	[[10008bd0, 10008c5a]]
10008c60	FUN_10008c60	[[10008c60, 10008d33]]
10008d50	FUN_10008d50	[[10008d50, 10008dca]]
10008de0	FUN_10008de0	[[10008de0, 10008e0a]]
10008e10	FUN_10008e10	[[10008e10, 10008e41]]
10008e50	FUN_10008e50	[[10008e50, 10008e95]]
10008ea0	FUN_10008ea0	[[10008ea0, 10008f54]]
10008f60	FUN_10008f60	[[10008f60, 10008f6c]]
10008f70	FUN_10008f70	[[10008f70, 10008fa3]]
10008fb0	FUN_10008fb0	[[10008fb0, 1000907d]]
10009080	FUN_10009080	[[10009080, 1000912a]]
10009130	FUN_10009130	[[10009130, 10009150]]
10009160	FUN_10009160	[[10009160, 10009181]]
10009190	FUN_10009190	[[10009190, 10009223]]
10009230	FUN_10009230	[[10009230, 100092c4]]
100092d0	FUN_100092d0	[[100092d0, 10009388]]
10009390	FUN_10009390	[[10009390, 10009400]]
10009410	FUN_10009410	[[10009410, 10009434]]
10009440	FUN_10009440	[[10009440, 100095d1] [100095d6, 10009699]]
100096c0	FUN_100096c0	[[100096c0, 10009a05]]
10009a20	FUN_10009a20	[[10009a20, 10009b5c] [10009b60, 10009cba]]
10009ce0	FUN_10009ce0	[[10009ce0, 1000a0aa]]
1000a0c0	FUN_1000a0c0	[[1000a0c0, 1000a4c7]]
1000a4e0	FUN_1000a4e0	[[1000a4e0, 1000a504]]
1000a510	FUN_1000a510	[[1000a510, 1000a536]]
1000a540	FUN_1000a540	[[1000a540, 1000a564]]
1000a570	FUN_1000a570	[[1000a570, 1000a596]]
1000a5a0	FUN_1000a5a0	[[1000a5a0, 1000a5c6]]
1000a5d0	FUN_1000a5d0	[[1000a5d0, 1000a668]]
1000a670	FUN_1000a670	[[1000a670, 1000a6a7]]
1000a6b0	FUN_1000a6b0	[[1000a6b0, 1000a6ec]]
1000a6f0	FUN_1000a6f0	[[1000a6f0, 1000a733]]
1000a740	FUN_1000a740	[[1000a740, 1000a7f3]]
1000a7f4	Catch@1000a7f4	[[1000a7f4, 1000a7f9]]
1000a820	FUN_1000a820	[[1000a820, 1000a8db]]
1000a8dc	Catch@1000a8dc	[[1000a8dc, 1000a8e1]]
1000a900	FUN_1000a900	[[1000a900, 1000a98a]]
1000a990	FUN_1000a990	[[1000a990, 1000aa1a]]
1000aa20	FUN_1000aa20	[[1000aa20, 1000aa54]]
1000aa60	FUN_1000aa60	[[1000aa60, 1000ab33]]
1000ab40	FUN_1000ab40	[[1000ab40, 1000aba1]]
1000abb0	FUN_1000abb0	[[1000abb0, 1000abe8]]
1000abf0	FUN_1000abf0	[[1000abf0, 1000ac7f]]
1000ac80	Catch@1000ac80	[[1000ac80, 1000ac92]]
1000ac96	FUN_1000ac96	[[1000ac96, 1000acab]]
1000acb0	FUN_1000acb0	[[1000acb0, 1000ad6e]]
1000ad70	FUN_1000ad70	[[1000ad70, 1000af57]]
1000af60	FUN_1000af60	[[1000af60, 1000af8b]]
1000af90	FUN_1000af90	[[1000af90, 1000b132]]
1000b140	FUN_1000b140	[[1000b140, 1000b1bd]]
1000b1c0	FUN_1000b1c0	[[1000b1c0, 1000b1f2]]
1000b200	FUN_1000b200	[[1000b200, 1000b4cb]]
1000b4d0	FUN_1000b4d0	[[1000b4d0, 1000b5f7]]
1000b600	FUN_1000b600	[[1000b600, 1000b827]]
1000b830	FUN_1000b830	[[1000b830, 1000bc50]]
1000bc60	FUN_1000bc60	[[1000bc60, 1000bcdf]]
1000bce0	FUN_1000bce0	[[1000bce0, 1000bd6b]]
1000bd70	FUN_1000bd70	[[1000bd70, 1000bd90]]
1000bda0	FUN_1000bda0	[[1000bda0, 1000be43]]
1000be46	FUN_1000be46	[[1000be46, 1000bea5]]
1000beb0	FUN_1000beb0	[[1000beb0, 1000c0eb]]
1000c0f0	FUN_1000c0f0	[[1000c0f0, 1000c18a]]
1000c190	_memmove	[[1000c190, 1000c1f2] [1000c1f4, 1000c212] [1000c214, 1000c21a] [1000c228, 1000c250] [1000c254, 1000c276] [1000c278, 1000c294] [1000c2b8, 1000c301] [1000c314, 1000c31a] [1000c31c, 1000c326] [1000c328, 1000c338] [1000c33c, 1000c352] [1000c354, 1000c379] [1000c37c, 1000c384] [1000c388, 1000c3a6] [1000c3b4, 1000c3d4] [1000c3d8, 1000c3fe] [1000c400, 1000c430] [1000c454, 1000c49d] [1000c4b0, 1000c4b6] [1000c4b8, 1000c4c4] [1000c4c8, 1000c4da] [1000c4dc, 1000c4f4]]
1000c4f5	_V6_HeapAlloc	[[1000c4f5, 1000c53a]]
1000c53b	FUN_1000c53b	[[1000c53b, 1000c543]]
1000c544	_malloc	[[1000c544, 1000c606]]
1000c607	~type_info	[[1000c607, 1000c614]]
1000c615	`scalar_deleting_destructor'	[[1000c615, 1000c630]]
1000c631	operator==	[[1000c631, 1000c64b]]
1000c64c	_realloc	[[1000c64c, 1000c789] [1000c799, 1000c866]]
1000c790	FUN_1000c790	[[1000c790, 1000c798]]
1000c867	_free	[[1000c867, 1000c8bc] [1000c8c6, 1000c8f4]]
1000c8bd	FUN_1000c8bd	[[1000c8bd, 1000c8c5]]
1000c8f5	_free	[[1000c8f5, 1000c8f9]]
1000c8fa	__cfltcvt_init	[[1000c8fa, 1000c959]]
1000c95a	__fpmath	[[1000c95a, 1000c977]]
1000c978	_free	[[1000c978, 1000c97c]]
1000c97d	__ArrayUnwind	[[1000c97d, 1000c99f] [1000c9cc, 1000c9da]]
1000c9db	`eh_vector_destructor_iterator'	[[1000c9db, 1000ca25]]
1000ca26	FUN_1000ca26	[[1000ca26, 1000ca3d]]
1000ca3e	__purecall	[[1000ca3e, 1000ca67]]
1000ca68	_JumpToContinuation	[[1000ca68, 1000ca92]]
1000ca98	FID_conflict:_CallMemberFunction1	[[1000ca98, 1000ca9e]]
1000ca9f	_UnwindNestedFrames	[[1000ca9f, 1000caf0]]
1000caf1	FID_conflict:___CxxFrameHandler3	[[1000caf1, 1000cb26]]
1000cb57	_CallSETranslator	[[1000cb57, 1000cc2b]]
1000cc2c	TranslatorGuardHandler	[[1000cc2c, 1000cc59] [1000cc5c, 1000ccc2] [1000ccc6, 1000ccc8]]
1000ccc9	_GetRangeOfTrysToCheck	[[1000ccc9, 1000cd3b]]
1000cd3c	__CreateFrameInfo	[[1000cd3c, 1000cd63]]
1000cd64	__IsExceptionObjectToBeDestroyed	[[1000cd64, 1000cd84]]
1000cd85	__FindAndUnlinkFrame	[[1000cd85, 1000cdd0]]
1000cdd1	_CallCatchBlock2	[[1000cdd1, 1000ce2e]]
1000ce2f	__security_check_cookie	[[1000ce2f, 1000ce3d]]
1000ce3e	FUN_1000ce3e	[[1000ce3e, 1000cea6]]
1000cea8	_wcsrchr	[[1000cea8, 1000ced7]]
1000ced8	exception	[[1000ced8, 1000cf25]]
1000cf26	exception	[[1000cf26, 1000cf3d]]
1000cf3e	exception	[[1000cf3e, 1000cf95]]
1000cf96	~exception	[[1000cf96, 1000cfab]]
1000cfac	FUN_1000cfac	[[1000cfac, 1000cfb8]]
1000cfb9	FUN_1000cfb9	[[1000cfb9, 1000cfd4]]
1000cfe0	_memset	[[1000cfe0, 1000d059]]
1000d05a	FUN_1000d05a	[[1000d05a, 1000d0cb]]
1000d0cc	_fclose	[[1000d0cc, 1000d13c]]
1000d140	FUN_1000d140	[[1000d140, 1000d147]]
1000d148	__fseek_nolock	[[1000d148, 1000d1ce]]
1000d1cf	_fseek	[[1000d1cf, 1000d249]]
1000d24a	FUN_1000d24a	[[1000d24a, 1000d253]]
1000d254	FUN_1000d254	[[1000d254, 1000d459]]
1000d45a	_fread_s	[[1000d45a, 1000d4e5]]
1000d4e6	FUN_1000d4e6	[[1000d4e6, 1000d4ef]]
1000d4f0	FUN_1000d4f0	[[1000d4f0, 1000d50a]]
1000d50b	__wfsopen	[[1000d50b, 1000d5c6]]
1000d5c7	FUN_1000d5c7	[[1000d5c7, 1000d5d0]]
1000d5d1	__wfopen_s	[[1000d5d1, 1000d620]]
1000d621	_strcpy_s	[[1000d621, 1000d685]]
1000d686	thunk_FUN_1000ce3e	[[1000d686, 1000d68a]]
1000d68b	__CxxThrowException@8	[[1000d68b, 1000d6d4]]
1000d6e0	__except_handler4	[[1000d6e0, 1000d875]]
1000d880	_memcpy	[[1000d880, 1000d8e2] [1000d8e4, 1000d902] [1000d904, 1000d90a] [1000d918, 1000d940] [1000d944, 1000d966] [1000d968, 1000d984] [1000d9a8, 1000d9f1] [1000da04, 1000da0a] [1000da0c, 1000da16] [1000da18, 1000da28] [1000da2c, 1000da42] [1000da44, 1000da69] [1000da6c, 1000da74] [1000da78, 1000da96] [1000daa4, 1000dac4] [1000dac8, 1000daee] [1000daf0, 1000db20] [1000db44, 1000db8d] [1000dba0, 1000dba6] [1000dba8, 1000dbb4] [1000dbb8, 1000dbca] [1000dbcc, 1000dbe4]]
1000dbe5	_wcscpy_s	[[1000dbe5, 1000dc50]]
1000dc51	`eh_vector_constructor_iterator'	[[1000dc51, 1000dc9d]]
1000dc9e	FUN_1000dc9e	[[1000dc9e, 1000dcb5]]
1000dcc0	__alloca_probe	[[1000dcc0, 1000dcea]]
1000dceb	__CRT_INIT@12	[[1000dceb, 1000dec3]]
1000dec4	___DllMainCRTStartup	[[1000dec4, 1000df96] [1000dfab, 1000dfb9]]
1000dfba	entry	[[1000dfba, 1000dfda]]
1000dfdb	_LocaleUpdate	[[1000dfdb, 1000e05c]]
1000e05d	__wcsicmp_l	[[1000e05d, 1000e16b]]
1000e16c	__wcsicmp	[[1000e16c, 1000e1fc]]
1000e1fd	__isleadbyte_l	[[1000e1fd, 1000e232]]
1000e233	_isleadbyte	[[1000e233, 1000e240]]
1000e241	_iswalpha	[[1000e241, 1000e251]]
1000e252	__vswprintf_helper	[[1000e252, 1000e347]]
1000e348	__vsnwprintf_s_l	[[1000e348, 1000e44e]]
1000e44f	__vsnwprintf_s	[[1000e44f, 1000e46c]]
1000e46d	FUN_1000e46d	[[1000e46d, 1000e5cb]]
1000e5cc	_fwrite	[[1000e5cc, 1000e643]]
1000e644	FUN_1000e644	[[1000e644, 1000e64d]]
1000e64e	_wcscat_s	[[1000e64e, 1000e6c7]]
1000e6c8	FUN_1000e6c8	[[1000e6c8, 1000e8da]]
1000e8db	__wmakepath_s	[[1000e8db, 1000e9f5]]
1000e9f6	_atol	[[1000e9f6, 1000ea06]]
1000ea07	wcstoxl	[[1000ea07, 1000ebfd]]
1000ebfe	_wcstol	[[1000ebfe, 1000ec26]]
1000ec27	_wcstoul	[[1000ec27, 1000ec50]]
1000ec51	FUN_1000ec51	[[1000ec51, 1000ec6a] [1000ec71, 1000ecd7]]
1000ecd8	__VEC_memcpy	[[1000ecd8, 1000edba]]
1000edcf	__mtinitlocks	[[1000edcf, 1000ee17]]
1000ee18	__mtdeletelocks	[[1000ee18, 1000ee6c]]
1000ee6d	FUN_1000ee6d	[[1000ee6d, 1000ee81]]
1000ee82	__mtinitlocknum	[[1000ee82, 1000ef3b]]
1000ef3c	FUN_1000ef3c	[[1000ef3c, 1000ef44]]
1000ef45	__lock	[[1000ef45, 1000ef75]]
1000ef76	___sbh_heap_init	[[1000ef76, 1000efbd]]
1000efbe	thunk_FUN_1000efe2	[[1000efbe, 1000efcf]]
1000efe2	FUN_1000efe2	[[1000efd0, 1000efe8]]
1000efe9	___sbh_free_block	[[1000efe9, 1000f2fc]]
1000f2fd	___sbh_alloc_new_region	[[1000f2fd, 1000f3ac]]
1000f3ad	___sbh_alloc_new_group	[[1000f3ad, 1000f4b2]]
1000f4b3	___sbh_resize_block	[[1000f4b3, 1000f791]]
1000f792	___sbh_alloc_block	[[1000f792, 1000fa74]]
1000fa78	__SEH_prolog4	[[1000fa78, 1000fabc]]
1000fabd	__SEH_epilog4	[[1000fabd, 1000fad0]]
1000fad1	___heap_select	[[1000fad1, 1000faf6] [1000fafa, 1000fb11] [1000fb15, 1000fb2b]]
1000fb2c	__heap_init	[[1000fb2c, 1000fb85]]
1000fb86	__heap_term	[[1000fb86, 1000fbf9]]
1000fbfa	__amsg_exit	[[1000fbfa, 1000fc1d]]
1000fc1e	FUN_1000fc1e	[[1000fc1e, 1000fc43]]
1000fc44	___crtExitProcess	[[1000fc44, 1000fc57]]
1000fc59	FUN_1000fc59	[[1000fc59, 1000fc61]]
1000fc62	FUN_1000fc62	[[1000fc62, 1000fc6a]]
1000fc6b	FUN_1000fc6b	[[1000fc6b, 1000fc82]]
1000fc83	__initterm_e	[[1000fc83, 1000fca2]]
1000fca3	__get_osplatform	[[1000fca3, 1000fcd9]]
1000fcda	__get_winmajor	[[1000fcda, 1000fd15]]
1000fd16	__cinit	[[1000fd16, 1000fda7]]
1000fda8	FUN_1000fda8	[[1000fda8, 1000fe74] [1000fe84, 1000fe89]]
1000fe75	FUN_1000fe75	[[1000fe75, 1000fe83]]
1000fe8a	__exit	[[1000fe8a, 1000fe9a]]
1000fe9b	__cexit	[[1000fe9b, 1000fea9]]
1000feaa	__init_pointers	[[1000feaa, 1000fef5]]
1000fef6	FUN_1000fef6	[[1000fef6, 1000ff77] [1000ff7b, 1000ffbb] [1000ffbf, 1000fffe] [10010004, 10010022] [10010026, 10010044] [10010048, 10010095]]
10010096	__FF_MSGBANNER	[[10010096, 100100ce]]
100100cf	FUN_100100cf	[[100100cf, 10010109]]
1001010a	FUN_1001010a	[[1001010a, 1001011c]]
1001011d	FUN_1001011d	[[1001011d, 1001012f]]
10010130	FUN_10010130	[[10010130, 1001014d]]
1001014e	FUN_1001014e	[[1001014e, 10010157]]
10010158	__callnewh	[[10010158, 10010179]]
1001017a	_Type_info_dtor	[[1001017a, 100101e0]]
100101e1	FUN_100101e1	[[100101e1, 100101e9]]
100101f0	_strcmp	[[100101f0, 10010232] [10010234, 10010277]]
10010278	__msize	[[10010278, 10010309]]
10010312	FUN_10010312	[[10010312, 1001031a]]
1001031b	FUN_1001031b	[[1001031b, 10010324]]
10010325	__invoke_watson	[[10010325, 10010420]]
10010421	FUN_10010421	[[10010421, 10010444]]
10010445	__forcdecpt_l	[[10010445, 100104b5]]
100104b6	__cropzeros_l	[[100104b6, 10010535]]
1001054c	__fassign_l	[[1001054c, 1001058b]]
100105a3	__shift	[[100105a3, 100105bf]]
100105dc	__cftoe2_l	[[100105dc, 100106d2] [100106d6, 10010748]]
10010749	__cftoe_l	[[10010749, 10010816]]
10010817	__cftoe	[[10010817, 10010834]]
10010835	__cftoa_l	[[10010835, 10010ba5]]
10010ba6	__cftof2_l	[[10010ba6, 10010c9a]]
10010c9b	__cftof_l	[[10010c9b, 10010d53]]
10010d54	__cftog_l	[[10010d54, 10010e4b]]
10010e4c	__cfltcvt_l	[[10010e4c, 10010ed1]]
10010ed2	__cfltcvt	[[10010ed2, 10010ef2]]
10010ef3	__initp_misc_cfltcvt_tab	[[10010ef3, 10010f11]]
10010f12	__setdefaultprecision	[[10010f12, 10010f35] [10010f39, 10010f3a]]
10010f3b	__ms_p5_test_fdiv	[[10010f3b, 10010f76]]
10010f77	__ms_p5_mp_test_fdiv	[[10010f77, 10010f9f]]
10010fa0	terminate	[[10010fa0, 10010fbf] [10010fc7, 10010fd2]]
10010fd9	unexpected	[[10010fd9, 10010feb]]
10010fec	_inconsistency	[[10010fec, 1001100f] [10011017, 10011022]]
10011023	__initp_eh_hooks	[[10011023, 10011033]]
10011034	_abort	[[10011034, 10011125]]
10011127	__set_abort_behavior	[[10011127, 10011144]]
10011145	FUN_10011145	[[10011145, 100111b0]]
100111b1	FUN_100111b1	[[100111b1, 1001121e]]
1001121f	__encoded_null	[[1001121f, 10011227]]
10011228	FUN_10011228	[[10011228, 10011295]]
1001129f	FUN_1001129f	[[1001129f, 100112d0]]
100112d1	__mtterm	[[100112d1, 1001130d]]
1001130e	FUN_1001130e	[[1001130e, 100113c3]]
100113c4	FUN_100113c4	[[100113c4, 100113cc]]
100113cd	FUN_100113cd	[[100113cd, 10011443]]
10011444	__getptd	[[10011444, 1001145b]]
1001145c	__freefls@4	[[1001145c, 10011564]]
10011568	FUN_10011568	[[10011568, 10011570]]
10011574	FUN_10011574	[[10011574, 1001157c]]
1001157d	__freeptd	[[1001157d, 100115e5]]
100115e6	__mtinit	[[100115e6, 10011769]]
1001176a	FUN_1001176a	[[1001176a, 10011773]]
1001177f	FUN_1001177f	[[1001177f, 100117a0]]
100117a1	___TypeMatch	[[100117a1, 100117fc]]
10011841	___FrameUnwindToState	[[10011841, 100118c2] [100118dd, 10011900]]
10011907	FUN_10011907	[[10011907, 10011921]]
10011967	___DestructExceptionObject	[[10011967, 100119a9]]
100119bb	___AdjustPointer	[[100119bb, 100119df]]
100119e0	IsInExceptionSpec	[[100119e0, 10011a58]]
10011a59	CallUnexpected	[[10011a59, 10011a89]]
10011a8a	Catch_All@10011a8a	[[10011a8a, 10011aa0]]
10011aa2	CallCatchBlock	[[10011aa2, 10011b31] [10011ba1, 10011bbc]]
10011bc8	FUN_10011bc8	[[10011bc8, 10011c3d]]
10011c3e	___BuildCatchObjectHelper	[[10011c3e, 10011da8] [10011db5, 10011dbc]]
10011dbd	___BuildCatchObject	[[10011dbd, 10011e41]]
10011e4e	CatchIt	[[10011e4e, 10011eb9]]
10011eba	FindHandlerForForeignException	[[10011eba, 10011fab]]
10011fac	FindHandler	[[10011fac, 10012301]]
1001231a	___InternalCxxFrameHandler	[[1001231a, 100123fd]]
10012400	__CallSettingFrame@12	[[10012400, 1001244b]]
1001244c	___report_gsfailure	[[1001244c, 1001254f]]
10012550	FUN_10012550	[[10012550, 10012608]]
10012638	__onexit	[[10012638, 1001266d]]
1001266e	FUN_1001266e	[[1001266e, 10012673]]
10012674	_atexit	[[10012674, 10012685]]
10012690	_strlen	[[10012690, 1001271a]]
1001271b	fastzero_I	[[1001271b, 10012732] [1001273b, 10012771]]
10012772	__VEC_memzero	[[10012772, 10012800]]
10012801	__close_nolock	[[10012801, 10012894]]
10012895	__close	[[10012895, 10012957]]
10012958	FUN_10012958	[[10012958, 10012961]]
10012962	__fileno	[[10012962, 1001298e]]
1001298f	__freebuf	[[1001298f, 100129ba]]
100129bb	__flush	[[100129bb, 10012a1c]]
10012a1d	__fflush_nolock	[[10012a1d, 10012a5e]]
10012a5f	flsall	[[10012a5f, 10012afb] [10012b12, 10012b2f]]
10012b01	FUN_10012b01	[[10012b01, 10012b11]]
10012b30	FUN_10012b30	[[10012b30, 10012b38]]
10012b42	FUN_10012b42	[[10012b42, 10012b47]]
10012c19	FUN_10012c19	[[10012c19, 10012c54]]
10012c55	FUN_10012c55	[[10012c55, 10012c82]]
10012c83	FUN_10012c83	[[10012c83, 10012cb8]]
10012cb9	FUN_10012cb9	[[10012cb9, 10012ce2]]
10012ce3	__lseek_nolock	[[10012ce3, 10012d54]]
10012d55	__lseek	[[10012d55, 10012e26]]
10012e27	FUN_10012e27	[[10012e27, 10012e30]]
10012e31	__ftell_nolock	[[10012e31, 10012fc8]]
10012fc9	__filbuf	[[10012fc9, 100130e8]]
100130e9	FUN_100130e9	[[100130e9, 100136a9]]
100136aa	FUN_100136aa	[[100136aa, 1001379c]]
1001379d	FUN_1001379d	[[1001379d, 100137a6]]
100137a7	_memcpy_s	[[100137a7, 10013821]]
10013822	__wopenfile	[[10013822, 10013aad]]
10013aae	FUN_10013aae	[[10013aae, 10013bd1]]
10013bd5	FUN_10013bd5	[[10013bd5, 10013bdd]]
10013be0	__local_unwind4	[[10013be0, 10013c6f]]
10013cb6	FUN_10013cb6	[[10013cb6, 10013cd1]]
10013cd2	_EH4_CallFilterFunc	[[10013cd2, 10013ce8]]
10013ce9	_EH4_TransferToHandler	[[10013ce9, 10013d01]]
10013d02	_EH4_GlobalUnwind	[[10013d02, 10013d1b]]
10013d1c	_EH4_LocalUnwind	[[10013d1c, 10013d32]]
10013d40	__ValidateImageBase	[[10013d40, 10013d68]]
10013d70	__FindPESection	[[10013d70, 10013db1]]
10013dc0	__IsNonwritableInCurrentImage	[[10013dc0, 10013e48] [10013e60, 10013e7a]]
10013e7b	__malloc_crt	[[10013e7b, 10013eba]]
10013ebb	__calloc_crt	[[10013ebb, 10013f02]]
10013f03	__realloc_crt	[[10013f03, 10013f4d]]
10013f4e	__ioinit	[[10013f4e, 10014176] [10014185, 1001418d]]
1001418e	__ioterm	[[1001418e, 100141d9]]
100141da	__setenvp	[[100141da, 1001426d] [10014271, 100142b4]]
100142b5	parse_cmdline	[[100142b5, 1001444c]]
1001444d	__setargv	[[1001444d, 10014505]]
10014506	___crtGetEnvironmentStringsA	[[10014506, 1001463a]]
1001463b	__RTC_Initialize	[[1001463b, 1001465e]]
10014683	FUN_10014683	[[10014683, 10014683]]
10014684	FUN_10014684	[[10014684, 100147e1]]
100147fd	___security_init_cookie	[[100147fd, 10014890]]
10014891	FUN_10014891	[[10014891, 100148bf]]
100148c0	setSBCS	[[100148c0, 10014914]]
10014915	setSBUpLow	[[10014915, 10014a9e]]
10014a9f	___updatetmbcinfo	[[10014a9f, 10014b36]]
10014b3a	FUN_10014b3a	[[10014b3a, 10014b42]]
10014b43	getSystemCP	[[10014b43, 10014bbc]]
10014bbd	FUN_10014bbd	[[10014bbd, 10014d95]]
10014d96	__setmbcp	[[10014d96, 10014ef6] [10014f02, 10014f2f]]
10014ef7	FUN_10014ef7	[[10014ef7, 10014eff]]
10014f30	___initmbctable	[[10014f30, 10014f4d]]
10014f4e	___freetlocinfo	[[10014f4e, 1001508d]]
1001508e	___addlocaleref	[[1001508e, 10015113]]
10015114	___removelocaleref	[[10015114, 1001519f]]
100151a0	__updatetlocinfoEx_nolock	[[100151a0, 100151dd]]
100151de	___updatetlocinfo	[[100151de, 10015247]]
10015248	FUN_10015248	[[10015248, 10015253]]
10015254	__towlower_l	[[10015254, 10015300]]
10015301	__iswctype_l	[[10015301, 10015382]]
10015383	_iswctype	[[10015383, 100153f0]]
100153f1	__flsbuf	[[100153f1, 10015550]]
10015551	write_char	[[10015551, 10015575]]
10015576	write_multi_char	[[10015576, 1001559a]]
10015f06	__write_nolock	[[10015f06, 100164cb]]
100164cc	__write	[[100164cc, 1001659d]]
1001659e	FUN_1001659e	[[1001659e, 100165a7]]
100165a8	_wcsncpy_s	[[100165a8, 10016670]]
10016671	strtoxl	[[10016671, 1001689b]]
1001689c	_strtol	[[1001689c, 100168c4]]
100168c5	__wchartodigit	[[100168c5, 10016a46]]
10016a47	FUN_10016a47	[[10016a47, 10016a63] [10016a87, 10016a96]]
10016a97	__get_sse2_info	[[10016a97, 10016af6]]
10016b04	FUN_10016b04	[[10016b04, 10016b0d]]
10016b0e	___crtInitCritSecNoSpinCount@8	[[10016b0e, 10016b1d]]
10016b1e	___crtInitCritSecAndSpinCount	[[10016b1e, 10016b58] [10016b5c, 10016ba3] [10016bd3, 10016be2]]
10016be3	__initp_misc_winsig	[[10016be3, 10016bfb]]
10016bfc	siglookup	[[10016bfc, 10016c2f]]
10016c30	___get_sigabrt	[[10016c30, 10016c3c]]
10016c3d	_raise	[[10016c3d, 10016daa] [10016dc0, 10016dec]]
10016db1	FUN_10016db1	[[10016db1, 10016dbf]]
10016ded	FUN_10016ded	[[10016ded, 10016df6]]
10016df7	FUN_10016df7	[[10016df7, 10016e97] [10016e9b, 10016f36] [10016f3a, 10016fb3]]
10016fb4	_strcat_s	[[10016fb4, 10017024]]
10017025	_strncpy_s	[[10017025, 100170d7]]
100170d8	__set_error_mode	[[100170d8, 1001711d]]
1001711e	FUN_1001711e	[[1001711e, 10017125]]
10017130	_strrchr	[[10017130, 1001715c]]
1001715d	__isdigit_l	[[1001715d, 100171ab]]
100171ac	_isdigit	[[100171ac, 100171d4]]
100171d5	__tolower_l	[[100171d5, 100172eb]]
100172ec	_tolower	[[100172ec, 10017312]]
10017313	FID_conflict:__atoflt_l	[[10017313, 100173b8]]
100173b9	FID_conflict:__atoflt_l	[[100173b9, 1001745e]]
1001745f	__fptostr	[[1001745f, 1001751b]]
1001751c	___dtold	[[1001751c, 100175d6]]
100175d7	__fltout2	[[100175d7, 1001764d] [10017651, 10017664]]
10017670	__alldvrm	[[10017670, 1001774e]]
10017750	__aullshr	[[10017750, 1001776e]]
10017778	__controlfp_s	[[10017778, 100177e1]]
100177e2	__freea	[[100177e2, 100177fc]]
100177fd	__EH_prolog3_catch	[[100177fd, 10017832]]
10017833	_ValidateRead	[[10017833, 1001783f]]
10017840	__global_unwind2	[[10017840, 1001785f]]
100178a5	__local_unwind2	[[100178a5, 10017928]]
1001794c	__NLG_Notify1	[[1001794c, 10017954]]
10017955	__NLG_Notify	[[10017955, 10017973]]
10017974	FUN_10017974	[[10017974, 10017976]]
10017977	__set_osfhnd	[[10017977, 100179f3]]
100179f4	__free_osfhnd	[[100179f4, 10017a74]]
10017a75	__get_osfhandle	[[10017a75, 10017ae5]]
10017ae6	___lock_fhandle	[[10017ae6, 10017b77]]
10017b7d	FUN_10017b7d	[[10017b7d, 10017b85]]
10017b86	__unlock_fhandle	[[10017b86, 10017ba7]]
10017ba8	__alloc_osfhnd	[[10017ba8, 10017c74] [10017c84, 10017d3d]]
10017c7b	FUN_10017c7b	[[10017c7b, 10017c83]]
10017d3e	FUN_10017d3e	[[10017d3e, 10017d46]]
10017d47	__commit	[[10017d47, 10017e1d]]
10017e1e	FUN_10017e1e	[[10017e1e, 10017e27]]
10017ec7	__getbuf	[[10017ec7, 10017f0a]]
10017f0b	__lseeki64_nolock	[[10017f0b, 10017f8d]]
10017f8e	__lseeki64	[[10017f8e, 1001809c]]
1001809d	FUN_1001809d	[[1001809d, 100180a6]]
100180a7	FUN_100180a7	[[100180a7, 100180f7] [100180fb, 10018112] [10018116, 10018800]]
10018801	FID_conflict:__sopen_helper	[[10018801, 10018899]]
1001889f	FUN_1001889f	[[1001889f, 100188cc]]
100188cd	__wsopen_s	[[100188cd, 100188ea]]
100188eb	_wcsncmp	[[100188eb, 1001891f]]
10018920	__calloc_impl	[[10018920, 10018a16] [10018a25, 10018a3d]]
10018a1c	FUN_10018a1c	[[10018a1c, 10018a24]]
10018a3e	x_ismbbtype_l	[[10018a3e, 10018a8e]]
10018a8f	__ismbblead	[[10018a8f, 10018aa1]]
10018aa2	__crtLCMapStringA_stat	[[10018aa2, 10018e43]]
10018e44	___crtLCMapStringA	[[10018e44, 10018e86]]
10018e87	__crtGetStringTypeA_stat	[[10018e87, 1001903e]]
1001903f	___crtGetStringTypeA	[[1001903f, 1001907e]]
1001907f	___free_lc_time	[[1001907f, 1001920e]]
1001920f	___free_lconv_num	[[1001920f, 1001924e]]
1001924f	___free_lconv_mon	[[1001924f, 100192d7]]
100192e0	_strcspn	[[100192e0, 10019325]]
10019330	_strpbrk	[[10019330, 1001936f]]
10019370	__crtLCMapStringW_stat	[[10019370, 10019585] [1001958b, 100195d0]]
100195d1	___crtLCMapStringW	[[100195d1, 10019610]]
10019611	__crtGetStringTypeW_stat	[[10019611, 10019834]]
10019835	___crtGetStringTypeW	[[10019835, 10019872]]
10019873	__isatty	[[10019873, 100198d0]]
100198d1	__fputwc_nolock	[[100198d1, 10019aae]]
10019ac5	__mbtowc_l	[[10019ac5, 10019bd7]]
10019bd8	_mbtowc	[[10019bd8, 10019bee]]
10019cc4	__putwch_nolock	[[10019cc4, 10019d85]]
10019d86	__wctomb_s_l	[[10019d86, 10019ee4]]
10019ee5	_wctomb_s	[[10019ee5, 10019eff]]
10019f00	__isctype_l	[[10019f00, 10019fb5]]
10019fb6	FID_conflict:__ld12tod	[[10019fb6, 1001a4f7]]
1001a4f8	FID_conflict:__ld12tod	[[1001a4f8, 1001aa39]]
1001aa3a	FUN_1001aa3a	[[1001aa3a, 1001b0c9]]
1001b0fa	FUN_1001b0fa	[[1001b0fa, 1001b21f] [1001b223, 1001b24b] [1001b24f, 1001b9bf]]
1001b9c0	__hw_cw	[[1001b9c0, 1001ba4d]]
1001ba4e	___hw_cw_sse2	[[1001ba4e, 1001baed]]
1001baee	__control87	[[1001baee, 1001bdf0]]
1001be00	__alloca_probe_16	[[1001be00, 1001be15]]
1001be16	__alloca_probe_8	[[1001be16, 1001be2b]]
1001be2c	__chsize_nolock	[[1001be2c, 1001bfdf]]
1001bfe0	__setmode_nolock	[[1001bfe0, 1001c09b]]
1001c09c	FUN_1001c09c	[[1001c09c, 1001c0cf]]
1001c0d0	___ansicp	[[1001c0d0, 1001c116]]
1001c117	___convertcp	[[1001c117, 1001c2c8]]
1001c2c9	__flswbuf	[[1001c2c9, 1001c438]]
1001c439	___initconout	[[1001c439, 1001c457]]
1001c485	___mtold12	[[1001c485, 1001c650]]
1001c651	___set_fpsr_sse2	[[1001c651, 1001c67d] [1001c6ac, 1001c6c2]]
1001c6d0	___ascii_strnicmp	[[1001c6d0, 1001c730]]
1001c80e	RtlUnwind	[[1001c80e, 1001c813]]
1001c820	Unwind@1001c820	[[1001c820, 1001c827]]
1001c828	Unwind@1001c828	[[1001c828, 1001c82f]]
1001c850	Unwind@1001c850	[[1001c850, 1001c857]]
1001c858	Unwind@1001c858	[[1001c858, 1001c85f]]
1001c880	Unwind@1001c880	[[1001c880, 1001c88a]]
1001c88b	Unwind@1001c88b	[[1001c88b, 1001c895]]
1001c8c0	Unwind@1001c8c0	[[1001c8c0, 1001c8ca]]
1001c900	Unwind@1001c900	[[1001c900, 1001c90a]]
1001c940	Unwind@1001c940	[[1001c940, 1001c94a]]
1001c980	Unwind@1001c980	[[1001c980, 1001c987]]
1001c9d0	Unwind@1001c9d0	[[1001c9d0, 1001c9da]]
1001ca10	Unwind@1001ca10	[[1001ca10, 1001ca1a]]
1001ca40	Unwind@1001ca40	[[1001ca40, 1001ca4a]]
1001ca4b	Unwind@1001ca4b	[[1001ca4b, 1001ca52]]
1001ca70	Unwind@1001ca70	[[1001ca70, 1001ca7a]]
1001cab0	Unwind@1001cab0	[[1001cab0, 1001caba]]
1001cabb	Unwind@1001cabb	[[1001cabb, 1001cac5]]
1001cb00	Unwind@1001cb00	[[1001cb00, 1001cb0a]]
1001cb40	Unwind@1001cb40	[[1001cb40, 1001cb47]]
1001cb70	Unwind@1001cb70	[[1001cb70, 1001cb7a]]
1001cb7b	Unwind@1001cb7b	[[1001cb7b, 1001cb85]]
1001cbc0	Unwind@1001cbc0	[[1001cbc0, 1001cbd8]]
1001cbd9	Unwind@1001cbd9	[[1001cbd9, 1001cbf1]]
1001cc20	Unwind@1001cc20	[[1001cc20, 1001cc2a]]
1001cc50	Unwind@1001cc50	[[1001cc50, 1001cc5a]]
1001cc5b	Unwind@1001cc5b	[[1001cc5b, 1001cc65]]
1001cc90	Unwind@1001cc90	[[1001cc90, 1001cc97]]
1001ccc0	Unwind@1001ccc0	[[1001ccc0, 1001ccca]]
1001ccf0	Unwind@1001ccf0	[[1001ccf0, 1001ccfa]]
1001cd20	Unwind@1001cd20	[[1001cd20, 1001cd2a]]
1001cd60	Unwind@1001cd60	[[1001cd60, 1001cd6a]]
1001cd90	Unwind@1001cd90	[[1001cd90, 1001cd9a]]
1001ce20	Unwind@1001ce20	[[1001ce20, 1001ce2a]]
1001ce2b	Unwind@1001ce2b	[[1001ce2b, 1001ce35]]
1001ce70	Unwind@1001ce70	[[1001ce70, 1001ce77]]
1001ceb0	FUN_1001ceb0	[[1001ceb0, 1001d51a]]
